{"cameraMode":{"drawMode":0,"name":"Shaded","section":"Shading Mode"},"sceneLighting":false,"audioPlay":false,"sceneViewState":{"m_AlwaysRefresh":false,"showFog":true,"showSkybox":false,"showFlares":true,"showImageEffects":true,"showParticleSystems":true,"showVisualEffectGraphs":true,"m_FxEnabled":true},"in2DMode":false,"pivot":{"x":-0.400111585855484,"y":2.3086771965026857,"z":-0.016231901943683625},"rotation":{"x":0.3001479208469391,"y":0.6520394086837769,"z":-0.31529054045677187,"w":0.6207201480865479},"size":1.3116803169250489,"orthographic":false}