{"cameraMode":{"drawMode":0,"name":"Shaded","section":"Shading Mode"},"sceneLighting":false,"audioPlay":false,"sceneViewState":{"m_AlwaysRefresh":false,"showFog":true,"showSkybox":false,"showFlares":true,"showImageEffects":true,"showParticleSystems":true,"showVisualEffectGraphs":true,"m_FxEnabled":true},"in2DMode":false,"pivot":{"x":0.4092631936073303,"y":0.46350201964378359,"z":-0.05443156510591507},"rotation":{"x":0.2637341618537903,"y":-0.7089830040931702,"z":0.3319050669670105,"w":0.5631963014602661},"size":0.7071244716644287,"orthographic":false}