{"cameraMode":{"drawMode":0,"name":"Shaded","section":"Shading Mode"},"sceneLighting":false,"audioPlay":false,"sceneViewState":{"m_AlwaysRefresh":false,"showFog":true,"showSkybox":false,"showFlares":true,"showImageEffects":true,"showParticleSystems":true,"showVisualEffectGraphs":true,"m_FxEnabled":true},"in2DMode":false,"pivot":{"x":-0.03156648948788643,"y":-0.1789245307445526,"z":-0.40583327412605288},"rotation":{"x":0.25608959794044497,"y":0.4140138030052185,"z":-0.12274346500635147,"w":0.8646346926689148},"size":0.624007523059845,"orthographic":false}