{"cameraMode":{"drawMode":0,"name":"Shaded","section":"Shading Mode"},"sceneLighting":false,"audioPlay":false,"sceneViewState":{"m_AlwaysRefresh":false,"showFog":true,"showSkybox":false,"showFlares":true,"showImageEffects":true,"showParticleSystems":true,"showVisualEffectGraphs":true,"m_FxEnabled":true},"in2DMode":false,"pivot":{"x":0.07804933935403824,"y":-0.16107907891273499,"z":0.24993982911109925},"rotation":{"x":0.10325748473405838,"y":-0.10165775567293167,"z":0.010541806928813458,"w":0.9892099499702454},"size":0.6745596528053284,"orthographic":false}