{"cameraMode":{"drawMode":0,"name":"Shaded","section":"Shading Mode"},"sceneLighting":false,"audioPlay":false,"sceneViewState":{"m_AlwaysRefresh":false,"showFog":true,"showSkybox":false,"showFlares":true,"showImageEffects":true,"showParticleSystems":true,"showVisualEffectGraphs":true,"m_FxEnabled":true},"in2DMode":false,"pivot":{"x":0.06045079231262207,"y":-0.15614986419677735,"z":-0.08208322525024414},"rotation":{"x":0.41745057702064516,"y":-0.031440239399671558,"z":0.013907339423894883,"w":0.907791256904602},"size":2.7576560974121095,"orthographic":false}